cluster,size,fire_count,fire_rate,risk_level
0,33608,11481,34.16150916448465,High
1,56578,63,0.11135070168616777,Low
2,14186,2672,18.83547159171014,High
