Model,Accuracy,F1-Score,Train Time,Predict Time
KNN (Sklearn),0.9528622754491018,0.8425096030729834,0.009043216705322266,4.542995452880859
Decision Tree (Sklearn),0.9623952095808384,0.8683548549387892,1.4076189994812012,0.003025054931640625
Random Forest (Sklearn),0.9540598802395209,0.8475115280648752,4.857526779174805,0.07170724868774414
KNN (From Scratch),0.9528622754491018,0.8425096030729834,0.0,15088.746618032455
Decision Tree (From Scratch),0.9627784431137725,0.8683720142300525,11073.388108491898,0.09784150123596191
Random Forest (From Scratch),0.9521437125748503,0.8421551587928583,585.2611374855042,6.792937517166138
