Method,N Clusters,Noise Points,Noise %,Silhouette,Davies-Bouldin,Calinski-Harabasz
KMEANS,4,0,0.00%,0.33312548729289104,1.2731062865804825,60167.07251631782
CLARA,4,0,0.00%,0.3268246716492103,1.2666806758284395,57272.66251089839
DBSCAN,146,1245,1.19%,0.18052259539370555,0.9125342039974857,4022.260507363008
